traffic(t-10),traffic(t-9),traffic(t-8),traffic(t-7),traffic(t-6),traffic(t-5),traffic(t-4),traffic(t-3),traffic(t-2),traffic(t-1),traffic(t)
9.0,3.0,1.0,9.0,4.0,1.0,3.0,4.0,5.0,4.0,4
3.0,1.0,9.0,4.0,1.0,3.0,4.0,5.0,4.0,4.0,1
1.0,9.0,4.0,1.0,3.0,4.0,5.0,4.0,4.0,1.0,2
9.0,4.0,1.0,3.0,4.0,5.0,4.0,4.0,1.0,2.0,1
4.0,1.0,3.0,4.0,5.0,4.0,4.0,1.0,2.0,1.0,1
1.0,3.0,4.0,5.0,4.0,4.0,1.0,2.0,1.0,1.0,1
3.0,4.0,5.0,4.0,4.0,1.0,2.0,1.0,1.0,1.0,1
4.0,5.0,4.0,4.0,1.0,2.0,1.0,1.0,1.0,1.0,1
5.0,4.0,4.0,1.0,2.0,1.0,1.0,1.0,1.0,1.0,1
4.0,4.0,1.0,2.0,1.0,1.0,1.0,1.0,1.0,1.0,1
4.0,1.0,2.0,1.0,1.0,1.0,1.0,1.0,1.0,1.0,3
1.0,2.0,1.0,1.0,1.0,1.0,1.0,1.0,1.0,3.0,6
2.0,1.0,1.0,1.0,1.0,1.0,1.0,1.0,3.0,6.0,4
1.0,1.0,1.0,1.0,1.0,1.0,1.0,3.0,6.0,4.0,5
1.0,1.0,1.0,1.0,1.0,1.0,3.0,6.0,4.0,5.0,4
1.0,1.0,1.0,1.0,1.0,3.0,6.0,4.0,5.0,4.0,5
1.0,1.0,1.0,1.0,3.0,6.0,4.0,5.0,4.0,5.0,3
1.0,1.0,1.0,3.0,6.0,4.0,5.0,4.0,5.0,3.0,1
1.0,1.0,3.0,6.0,4.0,5.0,4.0,5.0,3.0,1.0,1
1.0,3.0,6.0,4.0,5.0,4.0,5.0,3.0,1.0,1.0,1
3.0,6.0,4.0,5.0,4.0,5.0,3.0,1.0,1.0,1.0,2
6.0,4.0,5.0,4.0,5.0,3.0,1.0,1.0,1.0,2.0,1
4.0,5.0,4.0,5.0,3.0,1.0,1.0,1.0,2.0,1.0,1
5.0,4.0,5.0,3.0,1.0,1.0,1.0,2.0,1.0,1.0,1
4.0,5.0,3.0,1.0,1.0,1.0,2.0,1.0,1.0,1.0,1
5.0,3.0,1.0,1.0,1.0,2.0,1.0,1.0,1.0,1.0,1
3.0,1.0,1.0,1.0,2.0,1.0,1.0,1.0,1.0,1.0,1
1.0,1.0,1.0,2.0,1.0,1.0,1.0,1.0,1.0,1.0,1
1.0,1.0,2.0,1.0,1.0,1.0,1.0,1.0,1.0,1.0,2
1.0,2.0,1.0,1.0,1.0,1.0,1.0,1.0,1.0,2.0,1
2.0,1.0,1.0,1.0,1.0,1.0,1.0,1.0,2.0,1.0,1
1.0,1.0,1.0,1.0,1.0,1.0,1.0,2.0,1.0,1.0,1
1.0,1.0,1.0,1.0,1.0,1.0,2.0,1.0,1.0,1.0,1
1.0,1.0,1.0,1.0,1.0,2.0,1.0,1.0,1.0,1.0,1
1.0,1.0,1.0,1.0,2.0,1.0,1.0,1.0,1.0,1.0,1
862.0,2270.0,297.0,35.0,1449.0,5543.0,2836.0,80.0,3.0,3.0,3
2270.0,297.0,35.0,1449.0,5543.0,2836.0,80.0,3.0,3.0,3.0,1726
297.0,35.0,1449.0,5543.0,2836.0,80.0,3.0,3.0,3.0,1726.0,4855
35.0,1449.0,5543.0,2836.0,80.0,3.0,3.0,3.0,1726.0,4855.0,6371
1449.0,5543.0,2836.0,80.0,3.0,3.0,3.0,1726.0,4855.0,6371.0,5005
5543.0,2836.0,80.0,3.0,3.0,3.0,1726.0,4855.0,6371.0,5005.0,6349
2836.0,80.0,3.0,3.0,3.0,1726.0,4855.0,6371.0,5005.0,6349.0,465
80.0,3.0,3.0,3.0,1726.0,4855.0,6371.0,5005.0,6349.0,465.0,1476
3.0,3.0,3.0,1726.0,4855.0,6371.0,5005.0,6349.0,465.0,1476.0,6
3.0,3.0,1726.0,4855.0,6371.0,5005.0,6349.0,465.0,1476.0,6.0,1818
3.0,1726.0,4855.0,6371.0,5005.0,6349.0,465.0,1476.0,6.0,1818.0,11
1726.0,4855.0,6371.0,5005.0,6349.0,465.0,1476.0,6.0,1818.0,11.0,1477
4855.0,6371.0,5005.0,6349.0,465.0,1476.0,6.0,1818.0,11.0,1477.0,868
6371.0,5005.0,6349.0,465.0,1476.0,6.0,1818.0,11.0,1477.0,868.0,49
5005.0,6349.0,465.0,1476.0,6.0,1818.0,11.0,1477.0,868.0,49.0,209
6349.0,465.0,1476.0,6.0,1818.0,11.0,1477.0,868.0,49.0,209.0,1268
465.0,1476.0,6.0,1818.0,11.0,1477.0,868.0,49.0,209.0,1268.0,1477
1476.0,6.0,1818.0,11.0,1477.0,868.0,49.0,209.0,1268.0,1477.0,6
6.0,1818.0,11.0,1477.0,868.0,49.0,209.0,1268.0,1477.0,6.0,960
1818.0,11.0,1477.0,868.0,49.0,209.0,1268.0,1477.0,6.0,960.0,1477
11.0,1477.0,868.0,49.0,209.0,1268.0,1477.0,6.0,960.0,1477.0,1477
1477.0,868.0,49.0,209.0,1268.0,1477.0,6.0,960.0,1477.0,1477.0,13
868.0,49.0,209.0,1268.0,1477.0,6.0,960.0,1477.0,1477.0,13.0,1
49.0,209.0,1268.0,1477.0,6.0,960.0,1477.0,1477.0,13.0,1.0,1
209.0,1268.0,1477.0,6.0,960.0,1477.0,1477.0,13.0,1.0,1.0,4
1268.0,1477.0,6.0,960.0,1477.0,1477.0,13.0,1.0,1.0,4.0,3
1477.0,6.0,960.0,1477.0,1477.0,13.0,1.0,1.0,4.0,3.0,4
6.0,960.0,1477.0,1477.0,13.0,1.0,1.0,4.0,3.0,4.0,10
960.0,1477.0,1477.0,13.0,1.0,1.0,4.0,3.0,4.0,10.0,4
1477.0,1477.0,13.0,1.0,1.0,4.0,3.0,4.0,10.0,4.0,3
1477.0,13.0,1.0,1.0,4.0,3.0,4.0,10.0,4.0,3.0,3
13.0,1.0,1.0,4.0,3.0,4.0,10.0,4.0,3.0,3.0,1489
1.0,1.0,4.0,3.0,4.0,10.0,4.0,3.0,3.0,1489.0,59
1.0,4.0,3.0,4.0,10.0,4.0,3.0,3.0,1489.0,59.0,3091
4.0,3.0,4.0,10.0,4.0,3.0,3.0,1489.0,59.0,3091.0,5526
3.0,4.0,10.0,4.0,3.0,3.0,1489.0,59.0,3091.0,5526.0,5561
4.0,10.0,4.0,3.0,3.0,1489.0,59.0,3091.0,5526.0,5561.0,5168
10.0,4.0,3.0,3.0,1489.0,59.0,3091.0,5526.0,5561.0,5168.0,6435
4.0,3.0,3.0,1489.0,59.0,3091.0,5526.0,5561.0,5168.0,6435.0,5110
3.0,3.0,1489.0,59.0,3091.0,5526.0,5561.0,5168.0,6435.0,5110.0,1479
3.0,1489.0,59.0,3091.0,5526.0,5561.0,5168.0,6435.0,5110.0,1479.0,919
1489.0,59.0,3091.0,5526.0,5561.0,5168.0,6435.0,5110.0,1479.0,919.0,560
59.0,3091.0,5526.0,5561.0,5168.0,6435.0,5110.0,1479.0,919.0,560.0,1050
3091.0,5526.0,5561.0,5168.0,6435.0,5110.0,1479.0,919.0,560.0,1050.0,1808
5526.0,5561.0,5168.0,6435.0,5110.0,1479.0,919.0,560.0,1050.0,1808.0,1476
5561.0,5168.0,6435.0,5110.0,1479.0,919.0,560.0,1050.0,1808.0,1476.0,796
5168.0,6435.0,5110.0,1479.0,919.0,560.0,1050.0,1808.0,1476.0,796.0,96
6435.0,5110.0,1479.0,919.0,560.0,1050.0,1808.0,1476.0,796.0,96.0,1476
5110.0,1479.0,919.0,560.0,1050.0,1808.0,1476.0,796.0,96.0,1476.0,1476
1479.0,919.0,560.0,1050.0,1808.0,1476.0,796.0,96.0,1476.0,1476.0,1476
919.0,560.0,1050.0,1808.0,1476.0,796.0,96.0,1476.0,1476.0,1476.0,1422
560.0,1050.0,1808.0,1476.0,796.0,96.0,1476.0,1476.0,1476.0,1422.0,1235
1050.0,1808.0,1476.0,796.0,96.0,1476.0,1476.0,1476.0,1422.0,1235.0,245
1808.0,1476.0,796.0,96.0,1476.0,1476.0,1476.0,1422.0,1235.0,245.0,3
1476.0,796.0,96.0,1476.0,1476.0,1476.0,1422.0,1235.0,245.0,3.0,1476
796.0,96.0,1476.0,1476.0,1476.0,1422.0,1235.0,245.0,3.0,1476.0,321
96.0,1476.0,1476.0,1476.0,1422.0,1235.0,245.0,3.0,1476.0,321.0,1476
1476.0,1476.0,1476.0,1422.0,1235.0,245.0,3.0,1476.0,321.0,1476.0,1476
1476.0,1476.0,1422.0,1235.0,245.0,3.0,1476.0,321.0,1476.0,1476.0,1152
1476.0,1422.0,1235.0,245.0,3.0,1476.0,321.0,1476.0,1476.0,1152.0,1476
1422.0,1235.0,245.0,3.0,1476.0,321.0,1476.0,1476.0,1152.0,1476.0,964
1235.0,245.0,3.0,1476.0,321.0,1476.0,1476.0,1152.0,1476.0,964.0,512
245.0,3.0,1476.0,321.0,1476.0,1476.0,1152.0,1476.0,964.0,512.0,4
3.0,1476.0,321.0,1476.0,1476.0,1152.0,1476.0,964.0,512.0,4.0,930
118.0,1841.0,92.0,64.0,98.0,23.0,20.0,21.0,3667.0,3.0,1374
1841.0,92.0,64.0,98.0,23.0,20.0,21.0,3667.0,3.0,1374.0,84
92.0,64.0,98.0,23.0,20.0,21.0,3667.0,3.0,1374.0,84.0,3
64.0,98.0,23.0,20.0,21.0,3667.0,3.0,1374.0,84.0,3.0,1230
98.0,23.0,20.0,21.0,3667.0,3.0,1374.0,84.0,3.0,1230.0,1466
23.0,20.0,21.0,3667.0,3.0,1374.0,84.0,3.0,1230.0,1466.0,1230
20.0,21.0,3667.0,3.0,1374.0,84.0,3.0,1230.0,1466.0,1230.0,3
21.0,3667.0,3.0,1374.0,84.0,3.0,1230.0,1466.0,1230.0,3.0,1101
3667.0,3.0,1374.0,84.0,3.0,1230.0,1466.0,1230.0,3.0,1101.0,999
3.0,1374.0,84.0,3.0,1230.0,1466.0,1230.0,3.0,1101.0,999.0,2
1374.0,84.0,3.0,1230.0,1466.0,1230.0,3.0,1101.0,999.0,2.0,11
84.0,3.0,1230.0,1466.0,1230.0,3.0,1101.0,999.0,2.0,11.0,1490
3.0,1230.0,1466.0,1230.0,3.0,1101.0,999.0,2.0,11.0,1490.0,1227
1230.0,1466.0,1230.0,3.0,1101.0,999.0,2.0,11.0,1490.0,1227.0,1190
1466.0,1230.0,3.0,1101.0,999.0,2.0,11.0,1490.0,1227.0,1190.0,1
1230.0,3.0,1101.0,999.0,2.0,11.0,1490.0,1227.0,1190.0,1.0,1246
3.0,1101.0,999.0,2.0,11.0,1490.0,1227.0,1190.0,1.0,1246.0,1113
1101.0,999.0,2.0,11.0,1490.0,1227.0,1190.0,1.0,1246.0,1113.0,1207
999.0,2.0,11.0,1490.0,1227.0,1190.0,1.0,1246.0,1113.0,1207.0,281
2.0,11.0,1490.0,1227.0,1190.0,1.0,1246.0,1113.0,1207.0,281.0,850
11.0,1490.0,1227.0,1190.0,1.0,1246.0,1113.0,1207.0,281.0,850.0,264
1490.0,1227.0,1190.0,1.0,1246.0,1113.0,1207.0,281.0,850.0,264.0,1249
1227.0,1190.0,1.0,1246.0,1113.0,1207.0,281.0,850.0,264.0,1249.0,3
1190.0,1.0,1246.0,1113.0,1207.0,281.0,850.0,264.0,1249.0,3.0,10
1.0,1246.0,1113.0,1207.0,281.0,850.0,264.0,1249.0,3.0,10.0,4
1246.0,1113.0,1207.0,281.0,850.0,264.0,1249.0,3.0,10.0,4.0,3
1113.0,1207.0,281.0,850.0,264.0,1249.0,3.0,10.0,4.0,3.0,10
1207.0,281.0,850.0,264.0,1249.0,3.0,10.0,4.0,3.0,10.0,2385
281.0,850.0,264.0,1249.0,3.0,10.0,4.0,3.0,10.0,2385.0,3837
850.0,264.0,1249.0,3.0,10.0,4.0,3.0,10.0,2385.0,3837.0,5479
264.0,1249.0,3.0,10.0,4.0,3.0,10.0,2385.0,3837.0,5479.0,1268
1249.0,3.0,10.0,4.0,3.0,10.0,2385.0,3837.0,5479.0,1268.0,995
3.0,10.0,4.0,3.0,10.0,2385.0,3837.0,5479.0,1268.0,995.0,1234
10.0,4.0,3.0,10.0,2385.0,3837.0,5479.0,1268.0,995.0,1234.0,3
4.0,3.0,10.0,2385.0,3837.0,5479.0,1268.0,995.0,1234.0,3.0,2
3.0,10.0,2385.0,3837.0,5479.0,1268.0,995.0,1234.0,3.0,2.0,1215
10.0,2385.0,3837.0,5479.0,1268.0,995.0,1234.0,3.0,2.0,1215.0,1244
2385.0,3837.0,5479.0,1268.0,995.0,1234.0,3.0,2.0,1215.0,1244.0,884
3837.0,5479.0,1268.0,995.0,1234.0,3.0,2.0,1215.0,1244.0,884.0,387
5479.0,1268.0,995.0,1234.0,3.0,2.0,1215.0,1244.0,884.0,387.0,1226
1268.0,995.0,1234.0,3.0,2.0,1215.0,1244.0,884.0,387.0,1226.0,3
995.0,1234.0,3.0,2.0,1215.0,1244.0,884.0,387.0,1226.0,3.0,961
1234.0,3.0,2.0,1215.0,1244.0,884.0,387.0,1226.0,3.0,961.0,179
3.0,2.0,1215.0,1244.0,884.0,387.0,1226.0,3.0,961.0,179.0,1197
2.0,1215.0,1244.0,884.0,387.0,1226.0,3.0,961.0,179.0,1197.0,1
1215.0,1244.0,884.0,387.0,1226.0,3.0,961.0,179.0,1197.0,1.0,1
1244.0,884.0,387.0,1226.0,3.0,961.0,179.0,1197.0,1.0,1.0,945
884.0,387.0,1226.0,3.0,961.0,179.0,1197.0,1.0,1.0,945.0,5
387.0,1226.0,3.0,961.0,179.0,1197.0,1.0,1.0,945.0,5.0,1111
1226.0,3.0,961.0,179.0,1197.0,1.0,1.0,945.0,5.0,1111.0,927
3.0,961.0,179.0,1197.0,1.0,1.0,945.0,5.0,1111.0,927.0,264
961.0,179.0,1197.0,1.0,1.0,945.0,5.0,1111.0,927.0,264.0,1156
179.0,1197.0,1.0,1.0,945.0,5.0,1111.0,927.0,264.0,1156.0,113
1197.0,1.0,1.0,945.0,5.0,1111.0,927.0,264.0,1156.0,113.0,4
1.0,1.0,945.0,5.0,1111.0,927.0,264.0,1156.0,113.0,4.0,1205
1.0,945.0,5.0,1111.0,927.0,264.0,1156.0,113.0,4.0,1205.0,13
945.0,5.0,1111.0,927.0,264.0,1156.0,113.0,4.0,1205.0,13.0,1241
5.0,1111.0,927.0,264.0,1156.0,113.0,4.0,1205.0,13.0,1241.0,5
1111.0,927.0,264.0,1156.0,113.0,4.0,1205.0,13.0,1241.0,5.0,4
927.0,264.0,1156.0,113.0,4.0,1205.0,13.0,1241.0,5.0,4.0,3
264.0,1156.0,113.0,4.0,1205.0,13.0,1241.0,5.0,4.0,3.0,4
9.0,4.0,2.0,1.0,1.0,1.0,3.0,1.0,1.0,1.0,2
4.0,2.0,1.0,1.0,1.0,3.0,1.0,1.0,1.0,2.0,1
2.0,1.0,1.0,1.0,3.0,1.0,1.0,1.0,2.0,1.0,1
1.0,1.0,1.0,3.0,1.0,1.0,1.0,2.0,1.0,1.0,1
1.0,1.0,3.0,1.0,1.0,1.0,2.0,1.0,1.0,1.0,1
1.0,3.0,1.0,1.0,1.0,2.0,1.0,1.0,1.0,1.0,1
3.0,1.0,1.0,1.0,2.0,1.0,1.0,1.0,1.0,1.0,1
1.0,1.0,1.0,2.0,1.0,1.0,1.0,1.0,1.0,1.0,1
1.0,1.0,2.0,1.0,1.0,1.0,1.0,1.0,1.0,1.0,2
1.0,2.0,1.0,1.0,1.0,1.0,1.0,1.0,1.0,2.0,1
2.0,1.0,1.0,1.0,1.0,1.0,1.0,1.0,2.0,1.0,1
1.0,1.0,1.0,1.0,1.0,1.0,1.0,2.0,1.0,1.0,1
1.0,1.0,1.0,1.0,1.0,1.0,2.0,1.0,1.0,1.0,1
1.0,1.0,1.0,1.0,1.0,2.0,1.0,1.0,1.0,1.0,1
1.0,1.0,1.0,1.0,2.0,1.0,1.0,1.0,1.0,1.0,1
1.0,1.0,1.0,2.0,1.0,1.0,1.0,1.0,1.0,1.0,1
1.0,1.0,2.0,1.0,1.0,1.0,1.0,1.0,1.0,1.0,1
1.0,2.0,1.0,1.0,1.0,1.0,1.0,1.0,1.0,1.0,4
2.0,1.0,1.0,1.0,1.0,1.0,1.0,1.0,1.0,4.0,1
1.0,1.0,1.0,1.0,1.0,1.0,1.0,1.0,4.0,1.0,1
1.0,1.0,1.0,1.0,1.0,1.0,1.0,4.0,1.0,1.0,1
1.0,1.0,1.0,1.0,1.0,1.0,4.0,1.0,1.0,1.0,1
1.0,1.0,1.0,1.0,1.0,4.0,1.0,1.0,1.0,1.0,1
1.0,1.0,1.0,1.0,4.0,1.0,1.0,1.0,1.0,1.0,1
1.0,1.0,1.0,4.0,1.0,1.0,1.0,1.0,1.0,1.0,1
1.0,1.0,4.0,1.0,1.0,1.0,1.0,1.0,1.0,1.0,2
1.0,4.0,1.0,1.0,1.0,1.0,1.0,1.0,1.0,2.0,1
4.0,1.0,1.0,1.0,1.0,1.0,1.0,1.0,2.0,1.0,1
1.0,1.0,1.0,1.0,1.0,1.0,1.0,2.0,1.0,1.0,1
1.0,1.0,1.0,1.0,1.0,1.0,2.0,1.0,1.0,1.0,1
1.0,1.0,1.0,1.0,1.0,2.0,1.0,1.0,1.0,1.0,2
1.0,1.0,1.0,1.0,2.0,1.0,1.0,1.0,1.0,2.0,6
1.0,1.0,1.0,2.0,1.0,1.0,1.0,1.0,2.0,6.0,2
1.0,1.0,2.0,1.0,1.0,1.0,1.0,2.0,6.0,2.0,1
1.0,2.0,1.0,1.0,1.0,1.0,2.0,6.0,2.0,1.0,1
2.0,1.0,1.0,1.0,1.0,2.0,6.0,2.0,1.0,1.0,1
1.0,1.0,1.0,1.0,2.0,6.0,2.0,1.0,1.0,1.0,1
1.0,1.0,1.0,2.0,6.0,2.0,1.0,1.0,1.0,1.0,1
1.0,1.0,2.0,6.0,2.0,1.0,1.0,1.0,1.0,1.0,2
1.0,2.0,6.0,2.0,1.0,1.0,1.0,1.0,1.0,2.0,1
2.0,6.0,2.0,1.0,1.0,1.0,1.0,1.0,2.0,1.0,1
6.0,2.0,1.0,1.0,1.0,1.0,1.0,2.0,1.0,1.0,1
2.0,1.0,1.0,1.0,1.0,1.0,2.0,1.0,1.0,1.0,1
1.0,1.0,1.0,1.0,1.0,2.0,1.0,1.0,1.0,1.0,1
1.0,1.0,1.0,1.0,2.0,1.0,1.0,1.0,1.0,1.0,1
62.0,1195.0,2496.0,3838.0,13.0,133.0,3.0,1474.0,1476.0,3.0,12
1195.0,2496.0,3838.0,13.0,133.0,3.0,1474.0,1476.0,3.0,12.0,2538
2496.0,3838.0,13.0,133.0,3.0,1474.0,1476.0,3.0,12.0,2538.0,1943
3838.0,13.0,133.0,3.0,1474.0,1476.0,3.0,12.0,2538.0,1943.0,1069
13.0,133.0,3.0,1474.0,1476.0,3.0,12.0,2538.0,1943.0,1069.0,408
133.0,3.0,1474.0,1476.0,3.0,12.0,2538.0,1943.0,1069.0,408.0,1483
3.0,1474.0,1476.0,3.0,12.0,2538.0,1943.0,1069.0,408.0,1483.0,1290
1474.0,1476.0,3.0,12.0,2538.0,1943.0,1069.0,408.0,1483.0,1290.0,1477
1476.0,3.0,12.0,2538.0,1943.0,1069.0,408.0,1483.0,1290.0,1477.0,1480
3.0,12.0,2538.0,1943.0,1069.0,408.0,1483.0,1290.0,1477.0,1480.0,1136
12.0,2538.0,1943.0,1069.0,408.0,1483.0,1290.0,1477.0,1480.0,1136.0,1476
2538.0,1943.0,1069.0,408.0,1483.0,1290.0,1477.0,1480.0,1136.0,1476.0,1476
1943.0,1069.0,408.0,1483.0,1290.0,1477.0,1480.0,1136.0,1476.0,1476.0,962
1069.0,408.0,1483.0,1290.0,1477.0,1480.0,1136.0,1476.0,1476.0,962.0,934
408.0,1483.0,1290.0,1477.0,1480.0,1136.0,1476.0,1476.0,962.0,934.0,543
1483.0,1290.0,1477.0,1480.0,1136.0,1476.0,1476.0,962.0,934.0,543.0,1808
1290.0,1477.0,1480.0,1136.0,1476.0,1476.0,962.0,934.0,543.0,1808.0,4
1477.0,1480.0,1136.0,1476.0,1476.0,962.0,934.0,543.0,1808.0,4.0,981
1480.0,1136.0,1476.0,1476.0,962.0,934.0,543.0,1808.0,4.0,981.0,69
1136.0,1476.0,1476.0,962.0,934.0,543.0,1808.0,4.0,981.0,69.0,1476
1476.0,1476.0,962.0,934.0,543.0,1808.0,4.0,981.0,69.0,1476.0,1476
1476.0,962.0,934.0,543.0,1808.0,4.0,981.0,69.0,1476.0,1476.0,3
962.0,934.0,543.0,1808.0,4.0,981.0,69.0,1476.0,1476.0,3.0,1023
934.0,543.0,1808.0,4.0,981.0,69.0,1476.0,1476.0,3.0,1023.0,1476
543.0,1808.0,4.0,981.0,69.0,1476.0,1476.0,3.0,1023.0,1476.0,1153
1808.0,4.0,981.0,69.0,1476.0,1476.0,3.0,1023.0,1476.0,1153.0,323
4.0,981.0,69.0,1476.0,1476.0,3.0,1023.0,1476.0,1153.0,323.0,4
981.0,69.0,1476.0,1476.0,3.0,1023.0,1476.0,1153.0,323.0,4.0,1476
69.0,1476.0,1476.0,3.0,1023.0,1476.0,1153.0,323.0,4.0,1476.0,1
1476.0,1476.0,3.0,1023.0,1476.0,1153.0,323.0,4.0,1476.0,1.0,1398
1476.0,3.0,1023.0,1476.0,1153.0,323.0,4.0,1476.0,1.0,1398.0,1477
3.0,1023.0,1476.0,1153.0,323.0,4.0,1476.0,1.0,1398.0,1477.0,332
1023.0,1476.0,1153.0,323.0,4.0,1476.0,1.0,1398.0,1477.0,332.0,1476
1476.0,1153.0,323.0,4.0,1476.0,1.0,1398.0,1477.0,332.0,1476.0,1029
1153.0,323.0,4.0,1476.0,1.0,1398.0,1477.0,332.0,1476.0,1029.0,3
323.0,4.0,1476.0,1.0,1398.0,1477.0,332.0,1476.0,1029.0,3.0,1477
4.0,1476.0,1.0,1398.0,1477.0,332.0,1476.0,1029.0,3.0,1477.0,1076
1476.0,1.0,1398.0,1477.0,332.0,1476.0,1029.0,3.0,1477.0,1076.0,401
1.0,1398.0,1477.0,332.0,1476.0,1029.0,3.0,1477.0,1076.0,401.0,1
1398.0,1477.0,332.0,1476.0,1029.0,3.0,1477.0,1076.0,401.0,1.0,1477
1477.0,332.0,1476.0,1029.0,3.0,1477.0,1076.0,401.0,1.0,1477.0,1477
332.0,1476.0,1029.0,3.0,1477.0,1076.0,401.0,1.0,1477.0,1477.0,1478
1476.0,1029.0,3.0,1477.0,1076.0,401.0,1.0,1477.0,1477.0,1478.0,1
1029.0,3.0,1477.0,1076.0,401.0,1.0,1477.0,1477.0,1478.0,1.0,1804
3.0,1477.0,1076.0,401.0,1.0,1477.0,1477.0,1478.0,1.0,1804.0,1
1477.0,1076.0,401.0,1.0,1477.0,1477.0,1478.0,1.0,1804.0,1.0,7
1076.0,401.0,1.0,1477.0,1477.0,1478.0,1.0,1804.0,1.0,7.0,1477
401.0,1.0,1477.0,1477.0,1478.0,1.0,1804.0,1.0,7.0,1477.0,1021
1.0,1477.0,1477.0,1478.0,1.0,1804.0,1.0,7.0,1477.0,1021.0,77
1477.0,1477.0,1478.0,1.0,1804.0,1.0,7.0,1477.0,1021.0,77.0,1479
1477.0,1478.0,1.0,1804.0,1.0,7.0,1477.0,1021.0,77.0,1479.0,10
1478.0,1.0,1804.0,1.0,7.0,1477.0,1021.0,77.0,1479.0,10.0,4
1.0,1804.0,1.0,7.0,1477.0,1021.0,77.0,1479.0,10.0,4.0,1485
1804.0,1.0,7.0,1477.0,1021.0,77.0,1479.0,10.0,4.0,1485.0,47
1.0,7.0,1477.0,1021.0,77.0,1479.0,10.0,4.0,1485.0,47.0,2474
7.0,1477.0,1021.0,77.0,1479.0,10.0,4.0,1485.0,47.0,2474.0,3374
1477.0,1021.0,77.0,1479.0,10.0,4.0,1485.0,47.0,2474.0,3374.0,4342
1021.0,77.0,1479.0,10.0,4.0,1485.0,47.0,2474.0,3374.0,4342.0,4
77.0,1479.0,10.0,4.0,1485.0,47.0,2474.0,3374.0,4342.0,4.0,3
1479.0,10.0,4.0,1485.0,47.0,2474.0,3374.0,4342.0,4.0,3.0,7
10.0,4.0,1485.0,47.0,2474.0,3374.0,4342.0,4.0,3.0,7.0,1071
4.0,1485.0,47.0,2474.0,3374.0,4342.0,4.0,3.0,7.0,1071.0,1477
1485.0,47.0,2474.0,3374.0,4342.0,4.0,3.0,7.0,1071.0,1477.0,995
47.0,2474.0,3374.0,4342.0,4.0,3.0,7.0,1071.0,1477.0,995.0,482
2474.0,3374.0,4342.0,4.0,3.0,7.0,1071.0,1477.0,995.0,482.0,964
3374.0,4342.0,4.0,3.0,7.0,1071.0,1477.0,995.0,482.0,964.0,619
4342.0,4.0,3.0,7.0,1071.0,1477.0,995.0,482.0,964.0,619.0,857
4.0,3.0,7.0,1071.0,1477.0,995.0,482.0,964.0,619.0,857.0,1794
3.0,7.0,1071.0,1477.0,995.0,482.0,964.0,619.0,857.0,1794.0,910
7.0,1071.0,1477.0,995.0,482.0,964.0,619.0,857.0,1794.0,910.0,1476
1071.0,1477.0,995.0,482.0,964.0,619.0,857.0,1794.0,910.0,1476.0,1476
1477.0,995.0,482.0,964.0,619.0,857.0,1794.0,910.0,1476.0,1476.0,5
995.0,482.0,964.0,619.0,857.0,1794.0,910.0,1476.0,1476.0,5.0,3
482.0,964.0,619.0,857.0,1794.0,910.0,1476.0,1476.0,5.0,3.0,1003
964.0,619.0,857.0,1794.0,910.0,1476.0,1476.0,5.0,3.0,1003.0,1070
619.0,857.0,1794.0,910.0,1476.0,1476.0,5.0,3.0,1003.0,1070.0,405
857.0,1794.0,910.0,1476.0,1476.0,5.0,3.0,1003.0,1070.0,405.0,1475
2.0,3.0,2.0,2.0,3.0,1.0,3.0,1.0,1.0,1.0,2
3.0,2.0,2.0,3.0,1.0,3.0,1.0,1.0,1.0,2.0,1
2.0,2.0,3.0,1.0,3.0,1.0,1.0,1.0,2.0,1.0,1
2.0,3.0,1.0,3.0,1.0,1.0,1.0,2.0,1.0,1.0,1
3.0,1.0,3.0,1.0,1.0,1.0,2.0,1.0,1.0,1.0,1
1.0,3.0,1.0,1.0,1.0,2.0,1.0,1.0,1.0,1.0,1
3.0,1.0,1.0,1.0,2.0,1.0,1.0,1.0,1.0,1.0,1
1.0,1.0,1.0,2.0,1.0,1.0,1.0,1.0,1.0,1.0,1
1.0,1.0,2.0,1.0,1.0,1.0,1.0,1.0,1.0,1.0,2
1.0,2.0,1.0,1.0,1.0,1.0,1.0,1.0,1.0,2.0,1
2.0,1.0,1.0,1.0,1.0,1.0,1.0,1.0,2.0,1.0,1
1.0,1.0,1.0,1.0,1.0,1.0,1.0,2.0,1.0,1.0,1
1.0,1.0,1.0,1.0,1.0,1.0,2.0,1.0,1.0,1.0,1
1.0,1.0,1.0,1.0,1.0,2.0,1.0,1.0,1.0,1.0,1
1.0,1.0,1.0,1.0,2.0,1.0,1.0,1.0,1.0,1.0,1
1.0,1.0,1.0,2.0,1.0,1.0,1.0,1.0,1.0,1.0,1
1.0,1.0,2.0,1.0,1.0,1.0,1.0,1.0,1.0,1.0,1
1.0,2.0,1.0,1.0,1.0,1.0,1.0,1.0,1.0,1.0,1
2.0,1.0,1.0,1.0,1.0,1.0,1.0,1.0,1.0,1.0,3
1.0,1.0,1.0,1.0,1.0,1.0,1.0,1.0,1.0,3.0,1
1.0,1.0,1.0,1.0,1.0,1.0,1.0,1.0,3.0,1.0,1
1.0,1.0,1.0,1.0,1.0,1.0,1.0,3.0,1.0,1.0,1
1.0,1.0,1.0,1.0,1.0,1.0,3.0,1.0,1.0,1.0,1
1.0,1.0,1.0,1.0,1.0,3.0,1.0,1.0,1.0,1.0,1
1.0,1.0,1.0,1.0,3.0,1.0,1.0,1.0,1.0,1.0,1
1.0,1.0,1.0,3.0,1.0,1.0,1.0,1.0,1.0,1.0,1
1.0,1.0,3.0,1.0,1.0,1.0,1.0,1.0,1.0,1.0,1
1.0,3.0,1.0,1.0,1.0,1.0,1.0,1.0,1.0,1.0,1
3.0,1.0,1.0,1.0,1.0,1.0,1.0,1.0,1.0,1.0,1
1.0,1.0,1.0,1.0,1.0,1.0,1.0,1.0,1.0,1.0,1
1.0,1.0,1.0,1.0,1.0,1.0,1.0,1.0,1.0,1.0,1
1.0,1.0,1.0,1.0,1.0,1.0,1.0,1.0,1.0,1.0,1
1.0,1.0,1.0,1.0,1.0,1.0,1.0,1.0,1.0,1.0,1
1.0,1.0,1.0,1.0,1.0,1.0,1.0,1.0,1.0,1.0,1
1.0,1.0,1.0,1.0,1.0,1.0,1.0,1.0,1.0,1.0,1
1.0,1.0,1.0,1.0,1.0,1.0,1.0,1.0,1.0,1.0,3
1.0,1.0,1.0,1.0,1.0,1.0,1.0,1.0,1.0,3.0,6
1.0,1.0,1.0,1.0,1.0,1.0,1.0,1.0,3.0,6.0,1
1.0,1.0,1.0,1.0,1.0,1.0,1.0,3.0,6.0,1.0,1
1.0,1.0,1.0,1.0,1.0,1.0,3.0,6.0,1.0,1.0,1
1.0,1.0,1.0,1.0,1.0,3.0,6.0,1.0,1.0,1.0,1
1.0,1.0,1.0,1.0,3.0,6.0,1.0,1.0,1.0,1.0,1
1.0,1.0,1.0,3.0,6.0,1.0,1.0,1.0,1.0,1.0,1
1.0,1.0,3.0,6.0,1.0,1.0,1.0,1.0,1.0,1.0,1
1.0,3.0,6.0,1.0,1.0,1.0,1.0,1.0,1.0,1.0,1
1127.0,1422.0,986.0,2806.0,2703.0,3.0,10.0,1559.0,66.0,3.0,1588
1422.0,986.0,2806.0,2703.0,3.0,10.0,1559.0,66.0,3.0,1588.0,2955
986.0,2806.0,2703.0,3.0,10.0,1559.0,66.0,3.0,1588.0,2955.0,3
2806.0,2703.0,3.0,10.0,1559.0,66.0,3.0,1588.0,2955.0,3.0,1476
2703.0,3.0,10.0,1559.0,66.0,3.0,1588.0,2955.0,3.0,1476.0,1062
3.0,10.0,1559.0,66.0,3.0,1588.0,2955.0,3.0,1476.0,1062.0,1794
10.0,1559.0,66.0,3.0,1588.0,2955.0,3.0,1476.0,1062.0,1794.0,1477
1559.0,66.0,3.0,1588.0,2955.0,3.0,1476.0,1062.0,1794.0,1477.0,1
66.0,3.0,1588.0,2955.0,3.0,1476.0,1062.0,1794.0,1477.0,1.0,979
3.0,1588.0,2955.0,3.0,1476.0,1062.0,1794.0,1477.0,1.0,979.0,1476
1588.0,2955.0,3.0,1476.0,1062.0,1794.0,1477.0,1.0,979.0,1476.0,3
2955.0,3.0,1476.0,1062.0,1794.0,1477.0,1.0,979.0,1476.0,3.0,1476
3.0,1476.0,1062.0,1794.0,1477.0,1.0,979.0,1476.0,3.0,1476.0,8
1476.0,1062.0,1794.0,1477.0,1.0,979.0,1476.0,3.0,1476.0,8.0,1476
1062.0,1794.0,1477.0,1.0,979.0,1476.0,3.0,1476.0,8.0,1476.0,1247
1794.0,1477.0,1.0,979.0,1476.0,3.0,1476.0,8.0,1476.0,1247.0,1387
1477.0,1.0,979.0,1476.0,3.0,1476.0,8.0,1476.0,1247.0,1387.0,4
1.0,979.0,1476.0,3.0,1476.0,8.0,1476.0,1247.0,1387.0,4.0,1818
979.0,1476.0,3.0,1476.0,8.0,1476.0,1247.0,1387.0,4.0,1818.0,1476
1476.0,3.0,1476.0,8.0,1476.0,1247.0,1387.0,4.0,1818.0,1476.0,949
3.0,1476.0,8.0,1476.0,1247.0,1387.0,4.0,1818.0,1476.0,949.0,1
1476.0,8.0,1476.0,1247.0,1387.0,4.0,1818.0,1476.0,949.0,1.0,1487
8.0,1476.0,1247.0,1387.0,4.0,1818.0,1476.0,949.0,1.0,1487.0,1476
1476.0,1247.0,1387.0,4.0,1818.0,1476.0,949.0,1.0,1487.0,1476.0,942
1247.0,1387.0,4.0,1818.0,1476.0,949.0,1.0,1487.0,1476.0,942.0,1476
1387.0,4.0,1818.0,1476.0,949.0,1.0,1487.0,1476.0,942.0,1476.0,1476
4.0,1818.0,1476.0,949.0,1.0,1487.0,1476.0,942.0,1476.0,1476.0,4
1818.0,1476.0,949.0,1.0,1487.0,1476.0,942.0,1476.0,1476.0,4.0,978
1476.0,949.0,1.0,1487.0,1476.0,942.0,1476.0,1476.0,4.0,978.0,145
949.0,1.0,1487.0,1476.0,942.0,1476.0,1476.0,4.0,978.0,145.0,1666
1.0,1487.0,1476.0,942.0,1476.0,1476.0,4.0,978.0,145.0,1666.0,1477
1487.0,1476.0,942.0,1476.0,1476.0,4.0,978.0,145.0,1666.0,1477.0,1479
1476.0,942.0,1476.0,1476.0,4.0,978.0,145.0,1666.0,1477.0,1479.0,1230
942.0,1476.0,1476.0,4.0,978.0,145.0,1666.0,1477.0,1479.0,1230.0,1476
1476.0,1476.0,4.0,978.0,145.0,1666.0,1477.0,1479.0,1230.0,1476.0,1476
1476.0,4.0,978.0,145.0,1666.0,1477.0,1479.0,1230.0,1476.0,1476.0,1477
4.0,978.0,145.0,1666.0,1477.0,1479.0,1230.0,1476.0,1476.0,1477.0,1782
978.0,145.0,1666.0,1477.0,1479.0,1230.0,1476.0,1476.0,1477.0,1782.0,5
145.0,1666.0,1477.0,1479.0,1230.0,1476.0,1476.0,1477.0,1782.0,5.0,1420
1666.0,1477.0,1479.0,1230.0,1476.0,1476.0,1477.0,1782.0,5.0,1420.0,1476
1477.0,1479.0,1230.0,1476.0,1476.0,1477.0,1782.0,5.0,1420.0,1476.0,3
1479.0,1230.0,1476.0,1476.0,1477.0,1782.0,5.0,1420.0,1476.0,3.0,3
1230.0,1476.0,1476.0,1477.0,1782.0,5.0,1420.0,1476.0,3.0,3.0,1476
1476.0,1476.0,1477.0,1782.0,5.0,1420.0,1476.0,3.0,3.0,1476.0,1476
1476.0,1477.0,1782.0,5.0,1420.0,1476.0,3.0,3.0,1476.0,1476.0,1476
1477.0,1782.0,5.0,1420.0,1476.0,3.0,3.0,1476.0,1476.0,1476.0,1225
1782.0,5.0,1420.0,1476.0,3.0,3.0,1476.0,1476.0,1476.0,1225.0,1477
5.0,1420.0,1476.0,3.0,3.0,1476.0,1476.0,1476.0,1225.0,1477.0,5
1420.0,1476.0,3.0,3.0,1476.0,1476.0,1476.0,1225.0,1477.0,5.0,1489
1476.0,3.0,3.0,1476.0,1476.0,1476.0,1225.0,1477.0,5.0,1489.0,3
3.0,3.0,1476.0,1476.0,1476.0,1225.0,1477.0,5.0,1489.0,3.0,3
3.0,1476.0,1476.0,1476.0,1225.0,1477.0,5.0,1489.0,3.0,3.0,2672
1476.0,1476.0,1476.0,1225.0,1477.0,5.0,1489.0,3.0,3.0,2672.0,4074
1476.0,1476.0,1225.0,1477.0,5.0,1489.0,3.0,3.0,2672.0,4074.0,1715
1476.0,1225.0,1477.0,5.0,1489.0,3.0,3.0,2672.0,4074.0,1715.0,7
1225.0,1477.0,5.0,1489.0,3.0,3.0,2672.0,4074.0,1715.0,7.0,1477
1477.0,5.0,1489.0,3.0,3.0,2672.0,4074.0,1715.0,7.0,1477.0,2
5.0,1489.0,3.0,3.0,2672.0,4074.0,1715.0,7.0,1477.0,2.0,1
1489.0,3.0,3.0,2672.0,4074.0,1715.0,7.0,1477.0,2.0,1.0,1355
3.0,3.0,2672.0,4074.0,1715.0,7.0,1477.0,2.0,1.0,1355.0,3
3.0,2672.0,4074.0,1715.0,7.0,1477.0,2.0,1.0,1355.0,3.0,1475
2672.0,4074.0,1715.0,7.0,1477.0,2.0,1.0,1355.0,3.0,1475.0,1
4074.0,1715.0,7.0,1477.0,2.0,1.0,1355.0,3.0,1475.0,1.0,1476
1715.0,7.0,1477.0,2.0,1.0,1355.0,3.0,1475.0,1.0,1476.0,1
7.0,1477.0,2.0,1.0,1355.0,3.0,1475.0,1.0,1476.0,1.0,950
1477.0,2.0,1.0,1355.0,3.0,1475.0,1.0,1476.0,1.0,950.0,1476
2.0,1.0,1355.0,3.0,1475.0,1.0,1476.0,1.0,950.0,1476.0,298
1.0,1355.0,3.0,1475.0,1.0,1476.0,1.0,950.0,1476.0,298.0,1178
1355.0,3.0,1475.0,1.0,1476.0,1.0,950.0,1476.0,298.0,1178.0,4
9.0,3.0,5.0,1.0,1.0,1.0,3.0,1.0,1.0,1.0,1
3.0,5.0,1.0,1.0,1.0,3.0,1.0,1.0,1.0,1.0,1
5.0,1.0,1.0,1.0,3.0,1.0,1.0,1.0,1.0,1.0,1
1.0,1.0,1.0,3.0,1.0,1.0,1.0,1.0,1.0,1.0,1
1.0,1.0,3.0,1.0,1.0,1.0,1.0,1.0,1.0,1.0,1
1.0,3.0,1.0,1.0,1.0,1.0,1.0,1.0,1.0,1.0,1
3.0,1.0,1.0,1.0,1.0,1.0,1.0,1.0,1.0,1.0,1
1.0,1.0,1.0,1.0,1.0,1.0,1.0,1.0,1.0,1.0,1
1.0,1.0,1.0,1.0,1.0,1.0,1.0,1.0,1.0,1.0,1
1.0,1.0,1.0,1.0,1.0,1.0,1.0,1.0,1.0,1.0,1
1.0,1.0,1.0,1.0,1.0,1.0,1.0,1.0,1.0,1.0,1
1.0,1.0,1.0,1.0,1.0,1.0,1.0,1.0,1.0,1.0,2
1.0,1.0,1.0,1.0,1.0,1.0,1.0,1.0,1.0,2.0,1
1.0,1.0,1.0,1.0,1.0,1.0,1.0,1.0,2.0,1.0,1
1.0,1.0,1.0,1.0,1.0,1.0,1.0,2.0,1.0,1.0,1
1.0,1.0,1.0,1.0,1.0,1.0,2.0,1.0,1.0,1.0,1
1.0,1.0,1.0,1.0,1.0,2.0,1.0,1.0,1.0,1.0,1
1.0,1.0,1.0,1.0,2.0,1.0,1.0,1.0,1.0,1.0,1
1.0,1.0,1.0,2.0,1.0,1.0,1.0,1.0,1.0,1.0,1
1.0,1.0,2.0,1.0,1.0,1.0,1.0,1.0,1.0,1.0,2
1.0,2.0,1.0,1.0,1.0,1.0,1.0,1.0,1.0,2.0,1
2.0,1.0,1.0,1.0,1.0,1.0,1.0,1.0,2.0,1.0,1
1.0,1.0,1.0,1.0,1.0,1.0,1.0,2.0,1.0,1.0,1
1.0,1.0,1.0,1.0,1.0,1.0,2.0,1.0,1.0,1.0,1
1.0,1.0,1.0,1.0,1.0,2.0,1.0,1.0,1.0,1.0,1
1.0,1.0,1.0,1.0,2.0,1.0,1.0,1.0,1.0,1.0,1
1.0,1.0,1.0,2.0,1.0,1.0,1.0,1.0,1.0,1.0,1
1.0,1.0,2.0,1.0,1.0,1.0,1.0,1.0,1.0,1.0,2
1.0,2.0,1.0,1.0,1.0,1.0,1.0,1.0,1.0,2.0,1
2.0,1.0,1.0,1.0,1.0,1.0,1.0,1.0,2.0,1.0,1
1.0,1.0,1.0,1.0,1.0,1.0,1.0,2.0,1.0,1.0,1
1.0,1.0,1.0,1.0,1.0,1.0,2.0,1.0,1.0,1.0,1
1.0,1.0,1.0,1.0,1.0,2.0,1.0,1.0,1.0,1.0,1
1.0,1.0,1.0,1.0,2.0,1.0,1.0,1.0,1.0,1.0,1
1.0,1.0,1.0,2.0,1.0,1.0,1.0,1.0,1.0,1.0,1
1.0,1.0,2.0,1.0,1.0,1.0,1.0,1.0,1.0,1.0,2
1.0,2.0,1.0,1.0,1.0,1.0,1.0,1.0,1.0,2.0,1
2.0,1.0,1.0,1.0,1.0,1.0,1.0,1.0,2.0,1.0,1
1.0,1.0,1.0,1.0,1.0,1.0,1.0,2.0,1.0,1.0,1
1.0,1.0,1.0,1.0,1.0,1.0,2.0,1.0,1.0,1.0,1
1.0,1.0,1.0,1.0,1.0,2.0,1.0,1.0,1.0,1.0,1
1.0,1.0,1.0,1.0,2.0,1.0,1.0,1.0,1.0,1.0,1
65.0,1583.0,3525.0,3305.0,1390.0,1053.0,70.0,1476.0,1549.0,3.0,17
1583.0,3525.0,3305.0,1390.0,1053.0,70.0,1476.0,1549.0,3.0,17.0,2737
3525.0,3305.0,1390.0,1053.0,70.0,1476.0,1549.0,3.0,17.0,2737.0,216
3305.0,1390.0,1053.0,70.0,1476.0,1549.0,3.0,17.0,2737.0,216.0,1476
1390.0,1053.0,70.0,1476.0,1549.0,3.0,17.0,2737.0,216.0,1476.0,1179
1053.0,70.0,1476.0,1549.0,3.0,17.0,2737.0,216.0,1476.0,1179.0,1479
70.0,1476.0,1549.0,3.0,17.0,2737.0,216.0,1476.0,1179.0,1479.0,1236
1476.0,1549.0,3.0,17.0,2737.0,216.0,1476.0,1179.0,1479.0,1236.0,1477
1549.0,3.0,17.0,2737.0,216.0,1476.0,1179.0,1479.0,1236.0,1477.0,567
3.0,17.0,2737.0,216.0,1476.0,1179.0,1479.0,1236.0,1477.0,567.0,910
17.0,2737.0,216.0,1476.0,1179.0,1479.0,1236.0,1477.0,567.0,910.0,308
2737.0,216.0,1476.0,1179.0,1479.0,1236.0,1477.0,567.0,910.0,308.0,1052
216.0,1476.0,1179.0,1479.0,1236.0,1477.0,567.0,910.0,308.0,1052.0,1475
1476.0,1179.0,1479.0,1236.0,1477.0,567.0,910.0,308.0,1052.0,1475.0,3
1179.0,1479.0,1236.0,1477.0,567.0,910.0,308.0,1052.0,1475.0,3.0,1475
1479.0,1236.0,1477.0,567.0,910.0,308.0,1052.0,1475.0,3.0,1475.0,3
1236.0,1477.0,567.0,910.0,308.0,1052.0,1475.0,3.0,1475.0,3.0,569
1477.0,567.0,910.0,308.0,1052.0,1475.0,3.0,1475.0,3.0,569.0,674
567.0,910.0,308.0,1052.0,1475.0,3.0,1475.0,3.0,569.0,674.0,1317
910.0,308.0,1052.0,1475.0,3.0,1475.0,3.0,569.0,674.0,1317.0,3
308.0,1052.0,1475.0,3.0,1475.0,3.0,569.0,674.0,1317.0,3.0,3
1052.0,1475.0,3.0,1475.0,3.0,569.0,674.0,1317.0,3.0,3.0,452
1475.0,3.0,1475.0,3.0,569.0,674.0,1317.0,3.0,3.0,452.0,1024
3.0,1475.0,3.0,569.0,674.0,1317.0,3.0,3.0,452.0,1024.0,1476
1475.0,3.0,569.0,674.0,1317.0,3.0,3.0,452.0,1024.0,1476.0,1456
3.0,569.0,674.0,1317.0,3.0,3.0,452.0,1024.0,1476.0,1456.0,1475
569.0,674.0,1317.0,3.0,3.0,452.0,1024.0,1476.0,1456.0,1475.0,1477
674.0,1317.0,3.0,3.0,452.0,1024.0,1476.0,1456.0,1475.0,1477.0,919
1317.0,3.0,3.0,452.0,1024.0,1476.0,1456.0,1475.0,1477.0,919.0,1476
3.0,3.0,452.0,1024.0,1476.0,1456.0,1475.0,1477.0,919.0,1476.0,445
3.0,452.0,1024.0,1476.0,1456.0,1475.0,1477.0,919.0,1476.0,445.0,1108
452.0,1024.0,1476.0,1456.0,1475.0,1477.0,919.0,1476.0,445.0,1108.0,1482
1024.0,1476.0,1456.0,1475.0,1477.0,919.0,1476.0,445.0,1108.0,1482.0,3
1476.0,1456.0,1475.0,1477.0,919.0,1476.0,445.0,1108.0,1482.0,3.0,1370
1456.0,1475.0,1477.0,919.0,1476.0,445.0,1108.0,1482.0,3.0,1370.0,1542
1475.0,1477.0,919.0,1476.0,445.0,1108.0,1482.0,3.0,1370.0,1542.0,239
1477.0,919.0,1476.0,445.0,1108.0,1482.0,3.0,1370.0,1542.0,239.0,1476
919.0,1476.0,445.0,1108.0,1482.0,3.0,1370.0,1542.0,239.0,1476.0,1476
1476.0,445.0,1108.0,1482.0,3.0,1370.0,1542.0,239.0,1476.0,1476.0,1321
445.0,1108.0,1482.0,3.0,1370.0,1542.0,239.0,1476.0,1476.0,1321.0,1476
1108.0,1482.0,3.0,1370.0,1542.0,239.0,1476.0,1476.0,1321.0,1476.0,1476
1482.0,3.0,1370.0,1542.0,239.0,1476.0,1476.0,1321.0,1476.0,1476.0,1481
3.0,1370.0,1542.0,239.0,1476.0,1476.0,1321.0,1476.0,1476.0,1481.0,1253
1370.0,1542.0,239.0,1476.0,1476.0,1321.0,1476.0,1476.0,1481.0,1253.0,1476
1542.0,239.0,1476.0,1476.0,1321.0,1476.0,1476.0,1481.0,1253.0,1476.0,310
239.0,1476.0,1476.0,1321.0,1476.0,1476.0,1481.0,1253.0,1476.0,310.0,3
1476.0,1476.0,1321.0,1476.0,1476.0,1481.0,1253.0,1476.0,310.0,3.0,600
1476.0,1321.0,1476.0,1476.0,1481.0,1253.0,1476.0,310.0,3.0,600.0,879
1321.0,1476.0,1476.0,1481.0,1253.0,1476.0,310.0,3.0,600.0,879.0,1476
1476.0,1476.0,1481.0,1253.0,1476.0,310.0,3.0,600.0,879.0,1476.0,1476
1476.0,1481.0,1253.0,1476.0,310.0,3.0,600.0,879.0,1476.0,1476.0,1165
1481.0,1253.0,1476.0,310.0,3.0,600.0,879.0,1476.0,1476.0,1165.0,1476
1253.0,1476.0,310.0,3.0,600.0,879.0,1476.0,1476.0,1165.0,1476.0,5
1476.0,310.0,3.0,600.0,879.0,1476.0,1476.0,1165.0,1476.0,5.0,1476
310.0,3.0,600.0,879.0,1476.0,1476.0,1165.0,1476.0,5.0,1476.0,1476
3.0,600.0,879.0,1476.0,1476.0,1165.0,1476.0,5.0,1476.0,1476.0,1669
600.0,879.0,1476.0,1476.0,1165.0,1476.0,5.0,1476.0,1476.0,1669.0,1476
879.0,1476.0,1476.0,1165.0,1476.0,5.0,1476.0,1476.0,1669.0,1476.0,542
1476.0,1476.0,1165.0,1476.0,5.0,1476.0,1476.0,1669.0,1476.0,542.0,935
1476.0,1165.0,1476.0,5.0,1476.0,1476.0,1669.0,1476.0,542.0,935.0,4
1165.0,1476.0,5.0,1476.0,1476.0,1669.0,1476.0,542.0,935.0,4.0,1183
1476.0,5.0,1476.0,1476.0,1669.0,1476.0,542.0,935.0,4.0,1183.0,3
5.0,1476.0,1476.0,1669.0,1476.0,542.0,935.0,4.0,1183.0,3.0,577
1476.0,1476.0,1669.0,1476.0,542.0,935.0,4.0,1183.0,3.0,577.0,899
1476.0,1669.0,1476.0,542.0,935.0,4.0,1183.0,3.0,577.0,899.0,1476
1669.0,1476.0,542.0,935.0,4.0,1183.0,3.0,577.0,899.0,1476.0,552
1476.0,542.0,935.0,4.0,1183.0,3.0,577.0,899.0,1476.0,552.0,536
542.0,935.0,4.0,1183.0,3.0,577.0,899.0,1476.0,552.0,536.0,4
935.0,4.0,1183.0,3.0,577.0,899.0,1476.0,552.0,536.0,4.0,4
1688.0,413.0,722.0,42.0,228.0,10.0,1309.0,3.0,23.0,357.0,3
413.0,722.0,42.0,228.0,10.0,1309.0,3.0,23.0,357.0,3.0,3
722.0,42.0,228.0,10.0,1309.0,3.0,23.0,357.0,3.0,3.0,1388
42.0,228.0,10.0,1309.0,3.0,23.0,357.0,3.0,3.0,1388.0,3
228.0,10.0,1309.0,3.0,23.0,357.0,3.0,3.0,1388.0,3.0,407
10.0,1309.0,3.0,23.0,357.0,3.0,3.0,1388.0,3.0,407.0,1427
1309.0,3.0,23.0,357.0,3.0,3.0,1388.0,3.0,407.0,1427.0,4
3.0,23.0,357.0,3.0,3.0,1388.0,3.0,407.0,1427.0,4.0,13
23.0,357.0,3.0,3.0,1388.0,3.0,407.0,1427.0,4.0,13.0,488
357.0,3.0,3.0,1388.0,3.0,407.0,1427.0,4.0,13.0,488.0,2
3.0,3.0,1388.0,3.0,407.0,1427.0,4.0,13.0,488.0,2.0,4
3.0,1388.0,3.0,407.0,1427.0,4.0,13.0,488.0,2.0,4.0,1436
1388.0,3.0,407.0,1427.0,4.0,13.0,488.0,2.0,4.0,1436.0,1
3.0,407.0,1427.0,4.0,13.0,488.0,2.0,4.0,1436.0,1.0,4
407.0,1427.0,4.0,13.0,488.0,2.0,4.0,1436.0,1.0,4.0,3
1427.0,4.0,13.0,488.0,2.0,4.0,1436.0,1.0,4.0,3.0,4
4.0,13.0,488.0,2.0,4.0,1436.0,1.0,4.0,3.0,4.0,4
13.0,488.0,2.0,4.0,1436.0,1.0,4.0,3.0,4.0,4.0,3
488.0,2.0,4.0,1436.0,1.0,4.0,3.0,4.0,4.0,3.0,12
2.0,4.0,1436.0,1.0,4.0,3.0,4.0,4.0,3.0,12.0,676
4.0,1436.0,1.0,4.0,3.0,4.0,4.0,3.0,12.0,676.0,4223
1436.0,1.0,4.0,3.0,4.0,4.0,3.0,12.0,676.0,4223.0,1026
1.0,4.0,3.0,4.0,4.0,3.0,12.0,676.0,4223.0,1026.0,3
4.0,3.0,4.0,4.0,3.0,12.0,676.0,4223.0,1026.0,3.0,3
3.0,4.0,4.0,3.0,12.0,676.0,4223.0,1026.0,3.0,3.0,2
4.0,4.0,3.0,12.0,676.0,4223.0,1026.0,3.0,3.0,2.0,3
4.0,3.0,12.0,676.0,4223.0,1026.0,3.0,3.0,2.0,3.0,5
3.0,12.0,676.0,4223.0,1026.0,3.0,3.0,2.0,3.0,5.0,463
12.0,676.0,4223.0,1026.0,3.0,3.0,2.0,3.0,5.0,463.0,3
676.0,4223.0,1026.0,3.0,3.0,2.0,3.0,5.0,463.0,3.0,3
4223.0,1026.0,3.0,3.0,2.0,3.0,5.0,463.0,3.0,3.0,1437
515.0,791.0,782.0,185.0,7.0,928.0,5.0,922.0,143.0,825.0,3468
791.0,782.0,185.0,7.0,928.0,5.0,922.0,143.0,825.0,3468.0,3049
782.0,185.0,7.0,928.0,5.0,922.0,143.0,825.0,3468.0,3049.0,4646
185.0,7.0,928.0,5.0,922.0,143.0,825.0,3468.0,3049.0,4646.0,312
7.0,928.0,5.0,922.0,143.0,825.0,3468.0,3049.0,4646.0,312.0,3
928.0,5.0,922.0,143.0,825.0,3468.0,3049.0,4646.0,312.0,3.0,15
5.0,922.0,143.0,825.0,3468.0,3049.0,4646.0,312.0,3.0,15.0,4
922.0,143.0,825.0,3468.0,3049.0,4646.0,312.0,3.0,15.0,4.0,10
143.0,825.0,3468.0,3049.0,4646.0,312.0,3.0,15.0,4.0,10.0,3
825.0,3468.0,3049.0,4646.0,312.0,3.0,15.0,4.0,10.0,3.0,298
3468.0,3049.0,4646.0,312.0,3.0,15.0,4.0,10.0,3.0,298.0,1
3049.0,4646.0,312.0,3.0,15.0,4.0,10.0,3.0,298.0,1.0,3
4646.0,312.0,3.0,15.0,4.0,10.0,3.0,298.0,1.0,3.0,1429
312.0,3.0,15.0,4.0,10.0,3.0,298.0,1.0,3.0,1429.0,3
3.0,15.0,4.0,10.0,3.0,298.0,1.0,3.0,1429.0,3.0,5
15.0,4.0,10.0,3.0,298.0,1.0,3.0,1429.0,3.0,5.0,3
4.0,10.0,3.0,298.0,1.0,3.0,1429.0,3.0,5.0,3.0,3
10.0,3.0,298.0,1.0,3.0,1429.0,3.0,5.0,3.0,3.0,348
3.0,298.0,1.0,3.0,1429.0,3.0,5.0,3.0,3.0,348.0,1211
298.0,1.0,3.0,1429.0,3.0,5.0,3.0,3.0,348.0,1211.0,3
1.0,3.0,1429.0,3.0,5.0,3.0,3.0,348.0,1211.0,3.0,3
3.0,1429.0,3.0,5.0,3.0,3.0,348.0,1211.0,3.0,3.0,4
1429.0,3.0,5.0,3.0,3.0,348.0,1211.0,3.0,3.0,4.0,23
3.0,5.0,3.0,3.0,348.0,1211.0,3.0,3.0,4.0,23.0,1460
5.0,3.0,3.0,348.0,1211.0,3.0,3.0,4.0,23.0,1460.0,5
3.0,3.0,348.0,1211.0,3.0,3.0,4.0,23.0,1460.0,5.0,333
3.0,348.0,1211.0,3.0,3.0,4.0,23.0,1460.0,5.0,333.0,6
348.0,1211.0,3.0,3.0,4.0,23.0,1460.0,5.0,333.0,6.0,912
1211.0,3.0,3.0,4.0,23.0,1460.0,5.0,333.0,6.0,912.0,543
3.0,3.0,4.0,23.0,1460.0,5.0,333.0,6.0,912.0,543.0,58
3.0,4.0,23.0,1460.0,5.0,333.0,6.0,912.0,543.0,58.0,3
4.0,23.0,1460.0,5.0,333.0,6.0,912.0,543.0,58.0,3.0,327
23.0,1460.0,5.0,333.0,6.0,912.0,543.0,58.0,3.0,327.0,1
1460.0,5.0,333.0,6.0,912.0,543.0,58.0,3.0,327.0,1.0,5
5.0,333.0,6.0,912.0,543.0,58.0,3.0,327.0,1.0,5.0,20
333.0,6.0,912.0,543.0,58.0,3.0,327.0,1.0,5.0,20.0,940
6.0,912.0,543.0,58.0,3.0,327.0,1.0,5.0,20.0,940.0,517
912.0,543.0,58.0,3.0,327.0,1.0,5.0,20.0,940.0,517.0,1
543.0,58.0,3.0,327.0,1.0,5.0,20.0,940.0,517.0,1.0,1
58.0,3.0,327.0,1.0,5.0,20.0,940.0,517.0,1.0,1.0,3
3.0,327.0,1.0,5.0,20.0,940.0,517.0,1.0,1.0,3.0,347
327.0,1.0,5.0,20.0,940.0,517.0,1.0,1.0,3.0,347.0,3
1.0,5.0,20.0,940.0,517.0,1.0,1.0,3.0,347.0,3.0,1247
5.0,20.0,940.0,517.0,1.0,1.0,3.0,347.0,3.0,1247.0,5
20.0,940.0,517.0,1.0,1.0,3.0,347.0,3.0,1247.0,5.0,3
940.0,517.0,1.0,1.0,3.0,347.0,3.0,1247.0,5.0,3.0,3
517.0,1.0,1.0,3.0,347.0,3.0,1247.0,5.0,3.0,3.0,345
1.0,1.0,3.0,347.0,3.0,1247.0,5.0,3.0,3.0,345.0,53
1.0,3.0,347.0,3.0,1247.0,5.0,3.0,3.0,345.0,53.0,1452
3.0,347.0,3.0,1247.0,5.0,3.0,3.0,345.0,53.0,1452.0,3
347.0,3.0,1247.0,5.0,3.0,3.0,345.0,53.0,1452.0,3.0,3
3.0,1247.0,5.0,3.0,3.0,345.0,53.0,1452.0,3.0,3.0,3
97.0,1361.0,248.0,33.0,1734.0,53.0,56.0,117.0,6.0,365.0,8
1361.0,248.0,33.0,1734.0,53.0,56.0,117.0,6.0,365.0,8.0,1
248.0,33.0,1734.0,53.0,56.0,117.0,6.0,365.0,8.0,1.0,3
33.0,1734.0,53.0,56.0,117.0,6.0,365.0,8.0,1.0,3.0,1373
1734.0,53.0,56.0,117.0,6.0,365.0,8.0,1.0,3.0,1373.0,3
53.0,56.0,117.0,6.0,365.0,8.0,1.0,3.0,1373.0,3.0,381
56.0,117.0,6.0,365.0,8.0,1.0,3.0,1373.0,3.0,381.0,5
117.0,6.0,365.0,8.0,1.0,3.0,1373.0,3.0,381.0,5.0,3
6.0,365.0,8.0,1.0,3.0,1373.0,3.0,381.0,5.0,3.0,379
365.0,8.0,1.0,3.0,1373.0,3.0,381.0,5.0,3.0,379.0,1409
8.0,1.0,3.0,1373.0,3.0,381.0,5.0,3.0,379.0,1409.0,373
1.0,3.0,1373.0,3.0,381.0,5.0,3.0,379.0,1409.0,373.0,1
3.0,1373.0,3.0,381.0,5.0,3.0,379.0,1409.0,373.0,1.0,5
1373.0,3.0,381.0,5.0,3.0,379.0,1409.0,373.0,1.0,5.0,1379
3.0,381.0,5.0,3.0,379.0,1409.0,373.0,1.0,5.0,1379.0,391
381.0,5.0,3.0,379.0,1409.0,373.0,1.0,5.0,1379.0,391.0,386
5.0,3.0,379.0,1409.0,373.0,1.0,5.0,1379.0,391.0,386.0,8
3.0,379.0,1409.0,373.0,1.0,5.0,1379.0,391.0,386.0,8.0,1446
379.0,1409.0,373.0,1.0,5.0,1379.0,391.0,386.0,8.0,1446.0,374
1409.0,373.0,1.0,5.0,1379.0,391.0,386.0,8.0,1446.0,374.0,5
373.0,1.0,5.0,1379.0,391.0,386.0,8.0,1446.0,374.0,5.0,380
1.0,5.0,1379.0,391.0,386.0,8.0,1446.0,374.0,5.0,380.0,3
5.0,1379.0,391.0,386.0,8.0,1446.0,374.0,5.0,380.0,3.0,2
1379.0,391.0,386.0,8.0,1446.0,374.0,5.0,380.0,3.0,2.0,374
391.0,386.0,8.0,1446.0,374.0,5.0,380.0,3.0,2.0,374.0,1085
386.0,8.0,1446.0,374.0,5.0,380.0,3.0,2.0,374.0,1085.0,2
8.0,1446.0,374.0,5.0,380.0,3.0,2.0,374.0,1085.0,2.0,1
1446.0,374.0,5.0,380.0,3.0,2.0,374.0,1085.0,2.0,1.0,5
374.0,5.0,380.0,3.0,2.0,374.0,1085.0,2.0,1.0,5.0,368
5.0,380.0,3.0,2.0,374.0,1085.0,2.0,1.0,5.0,368.0,47
380.0,3.0,2.0,374.0,1085.0,2.0,1.0,5.0,368.0,47.0,4
3.0,2.0,374.0,1085.0,2.0,1.0,5.0,368.0,47.0,4.0,11
2.0,374.0,1085.0,2.0,1.0,5.0,368.0,47.0,4.0,11.0,3
142.0,1852.0,1655.0,12.0,189.0,3.0,129.0,256.0,3.0,141.0,5
1852.0,1655.0,12.0,189.0,3.0,129.0,256.0,3.0,141.0,5.0,3
1655.0,12.0,189.0,3.0,129.0,256.0,3.0,141.0,5.0,3.0,1360
12.0,189.0,3.0,129.0,256.0,3.0,141.0,5.0,3.0,1360.0,367
189.0,3.0,129.0,256.0,3.0,141.0,5.0,3.0,1360.0,367.0,1470
3.0,129.0,256.0,3.0,141.0,5.0,3.0,1360.0,367.0,1470.0,11
129.0,256.0,3.0,141.0,5.0,3.0,1360.0,367.0,1470.0,11.0,4
256.0,3.0,141.0,5.0,3.0,1360.0,367.0,1470.0,11.0,4.0,348
3.0,141.0,5.0,3.0,1360.0,367.0,1470.0,11.0,4.0,348.0,707
141.0,5.0,3.0,1360.0,367.0,1470.0,11.0,4.0,348.0,707.0,738
5.0,3.0,1360.0,367.0,1470.0,11.0,4.0,348.0,707.0,738.0,5
3.0,1360.0,367.0,1470.0,11.0,4.0,348.0,707.0,738.0,5.0,352
1360.0,367.0,1470.0,11.0,4.0,348.0,707.0,738.0,5.0,352.0,3
367.0,1470.0,11.0,4.0,348.0,707.0,738.0,5.0,352.0,3.0,1360
1470.0,11.0,4.0,348.0,707.0,738.0,5.0,352.0,3.0,1360.0,342
11.0,4.0,348.0,707.0,738.0,5.0,352.0,3.0,1360.0,342.0,687
4.0,348.0,707.0,738.0,5.0,352.0,3.0,1360.0,342.0,687.0,698
348.0,707.0,738.0,5.0,352.0,3.0,1360.0,342.0,687.0,698.0,4
707.0,738.0,5.0,352.0,3.0,1360.0,342.0,687.0,698.0,4.0,3
738.0,5.0,352.0,3.0,1360.0,342.0,687.0,698.0,4.0,3.0,1765
5.0,352.0,3.0,1360.0,342.0,687.0,698.0,4.0,3.0,1765.0,3
352.0,3.0,1360.0,342.0,687.0,698.0,4.0,3.0,1765.0,3.0,1422
3.0,1360.0,342.0,687.0,698.0,4.0,3.0,1765.0,3.0,1422.0,11
1360.0,342.0,687.0,698.0,4.0,3.0,1765.0,3.0,1422.0,11.0,341
342.0,687.0,698.0,4.0,3.0,1765.0,3.0,1422.0,11.0,341.0,5
687.0,698.0,4.0,3.0,1765.0,3.0,1422.0,11.0,341.0,5.0,1380
698.0,4.0,3.0,1765.0,3.0,1422.0,11.0,341.0,5.0,1380.0,3
4.0,3.0,1765.0,3.0,1422.0,11.0,341.0,5.0,1380.0,3.0,3
3.0,1765.0,3.0,1422.0,11.0,341.0,5.0,1380.0,3.0,3.0,346
1765.0,3.0,1422.0,11.0,341.0,5.0,1380.0,3.0,3.0,346.0,5
3.0,1422.0,11.0,341.0,5.0,1380.0,3.0,3.0,346.0,5.0,1318
1422.0,11.0,341.0,5.0,1380.0,3.0,3.0,346.0,5.0,1318.0,363
11.0,341.0,5.0,1380.0,3.0,3.0,346.0,5.0,1318.0,363.0,4
341.0,5.0,1380.0,3.0,3.0,346.0,5.0,1318.0,363.0,4.0,3
5.0,1380.0,3.0,3.0,346.0,5.0,1318.0,363.0,4.0,3.0,1
1380.0,3.0,3.0,346.0,5.0,1318.0,363.0,4.0,3.0,1.0,1
3.0,3.0,346.0,5.0,1318.0,363.0,4.0,3.0,1.0,1.0,1277
3.0,346.0,5.0,1318.0,363.0,4.0,3.0,1.0,1.0,1277.0,5
346.0,5.0,1318.0,363.0,4.0,3.0,1.0,1.0,1277.0,5.0,378
5.0,1318.0,363.0,4.0,3.0,1.0,1.0,1277.0,5.0,378.0,4
1318.0,363.0,4.0,3.0,1.0,1.0,1277.0,5.0,378.0,4.0,1360
633.0,567.0,6.0,3.0,1053.0,6.0,12.0,3.0,255.0,6.0,11
567.0,6.0,3.0,1053.0,6.0,12.0,3.0,255.0,6.0,11.0,1431
6.0,3.0,1053.0,6.0,12.0,3.0,255.0,6.0,11.0,1431.0,332
3.0,1053.0,6.0,12.0,3.0,255.0,6.0,11.0,1431.0,332.0,3
1053.0,6.0,12.0,3.0,255.0,6.0,11.0,1431.0,332.0,3.0,77
6.0,12.0,3.0,255.0,6.0,11.0,1431.0,332.0,3.0,77.0,8
12.0,3.0,255.0,6.0,11.0,1431.0,332.0,3.0,77.0,8.0,350
3.0,255.0,6.0,11.0,1431.0,332.0,3.0,77.0,8.0,350.0,3
255.0,6.0,11.0,1431.0,332.0,3.0,77.0,8.0,350.0,3.0,3
6.0,11.0,1431.0,332.0,3.0,77.0,8.0,350.0,3.0,3.0,1449
11.0,1431.0,332.0,3.0,77.0,8.0,350.0,3.0,3.0,1449.0,340
1431.0,332.0,3.0,77.0,8.0,350.0,3.0,3.0,1449.0,340.0,4
332.0,3.0,77.0,8.0,350.0,3.0,3.0,1449.0,340.0,4.0,341
3.0,77.0,8.0,350.0,3.0,3.0,1449.0,340.0,4.0,341.0,1396
77.0,8.0,350.0,3.0,3.0,1449.0,340.0,4.0,341.0,1396.0,3
8.0,350.0,3.0,3.0,1449.0,340.0,4.0,341.0,1396.0,3.0,317
350.0,3.0,3.0,1449.0,340.0,4.0,341.0,1396.0,3.0,317.0,210
3.0,3.0,1449.0,340.0,4.0,341.0,1396.0,3.0,317.0,210.0,342
3.0,1449.0,340.0,4.0,341.0,1396.0,3.0,317.0,210.0,342.0,3
1449.0,340.0,4.0,341.0,1396.0,3.0,317.0,210.0,342.0,3.0,2
340.0,4.0,341.0,1396.0,3.0,317.0,210.0,342.0,3.0,2.0,2
4.0,341.0,1396.0,3.0,317.0,210.0,342.0,3.0,2.0,2.0,1
341.0,1396.0,3.0,317.0,210.0,342.0,3.0,2.0,2.0,1.0,1
1396.0,3.0,317.0,210.0,342.0,3.0,2.0,2.0,1.0,1.0,5
3.0,317.0,210.0,342.0,3.0,2.0,2.0,1.0,1.0,5.0,3
317.0,210.0,342.0,3.0,2.0,2.0,1.0,1.0,5.0,3.0,3
210.0,342.0,3.0,2.0,2.0,1.0,1.0,5.0,3.0,3.0,2
342.0,3.0,2.0,2.0,1.0,1.0,5.0,3.0,3.0,2.0,1
3.0,2.0,2.0,1.0,1.0,5.0,3.0,3.0,2.0,1.0,5
2.0,2.0,1.0,1.0,5.0,3.0,3.0,2.0,1.0,5.0,3
2.0,1.0,1.0,5.0,3.0,3.0,2.0,1.0,5.0,3.0,3
6.0,4.0,3.0,1.0,1.0,1.0,2.0,1.0,1.0,1.0,2
4.0,3.0,1.0,1.0,1.0,2.0,1.0,1.0,1.0,2.0,1
3.0,1.0,1.0,1.0,2.0,1.0,1.0,1.0,2.0,1.0,1
1.0,1.0,1.0,2.0,1.0,1.0,1.0,2.0,1.0,1.0,1
1.0,1.0,2.0,1.0,1.0,1.0,2.0,1.0,1.0,1.0,1
1.0,2.0,1.0,1.0,1.0,2.0,1.0,1.0,1.0,1.0,1
2.0,1.0,1.0,1.0,2.0,1.0,1.0,1.0,1.0,1.0,1
1.0,1.0,1.0,2.0,1.0,1.0,1.0,1.0,1.0,1.0,1
1.0,1.0,2.0,1.0,1.0,1.0,1.0,1.0,1.0,1.0,1
1.0,2.0,1.0,1.0,1.0,1.0,1.0,1.0,1.0,1.0,1
2.0,1.0,1.0,1.0,1.0,1.0,1.0,1.0,1.0,1.0,1
1.0,1.0,1.0,1.0,1.0,1.0,1.0,1.0,1.0,1.0,1
1.0,1.0,1.0,1.0,1.0,1.0,1.0,1.0,1.0,1.0,1
1.0,1.0,1.0,1.0,1.0,1.0,1.0,1.0,1.0,1.0,2
1.0,1.0,1.0,1.0,1.0,1.0,1.0,1.0,1.0,2.0,1
1.0,1.0,1.0,1.0,1.0,1.0,1.0,1.0,2.0,1.0,1
1.0,1.0,1.0,1.0,1.0,1.0,1.0,2.0,1.0,1.0,1
1.0,1.0,1.0,1.0,1.0,1.0,2.0,1.0,1.0,1.0,1
1.0,1.0,1.0,1.0,1.0,2.0,1.0,1.0,1.0,1.0,1
1.0,1.0,1.0,1.0,2.0,1.0,1.0,1.0,1.0,1.0,2
1.0,1.0,1.0,2.0,1.0,1.0,1.0,1.0,1.0,2.0,1
1.0,1.0,2.0,1.0,1.0,1.0,1.0,1.0,2.0,1.0,1
1.0,2.0,1.0,1.0,1.0,1.0,1.0,2.0,1.0,1.0,1
2.0,1.0,1.0,1.0,1.0,1.0,2.0,1.0,1.0,1.0,1
1.0,1.0,1.0,1.0,1.0,2.0,1.0,1.0,1.0,1.0,1
1.0,1.0,1.0,1.0,2.0,1.0,1.0,1.0,1.0,1.0,2
1.0,1.0,1.0,2.0,1.0,1.0,1.0,1.0,1.0,2.0,1
1.0,1.0,2.0,1.0,1.0,1.0,1.0,1.0,2.0,1.0,1
1.0,2.0,1.0,1.0,1.0,1.0,1.0,2.0,1.0,1.0,1
2.0,1.0,1.0,1.0,1.0,1.0,2.0,1.0,1.0,1.0,1
1.0,1.0,1.0,1.0,1.0,2.0,1.0,1.0,1.0,1.0,1
1.0,1.0,1.0,1.0,2.0,1.0,1.0,1.0,1.0,1.0,4
1.0,1.0,1.0,2.0,1.0,1.0,1.0,1.0,1.0,4.0,1
15.0,1997.0,2740.0,158.0,1225.0,93.0,3.0,1077.0,3.0,47.0,531
1997.0,2740.0,158.0,1225.0,93.0,3.0,1077.0,3.0,47.0,531.0,1850
2740.0,158.0,1225.0,93.0,3.0,1077.0,3.0,47.0,531.0,1850.0,1056
158.0,1225.0,93.0,3.0,1077.0,3.0,47.0,531.0,1850.0,1056.0,1134
1225.0,93.0,3.0,1077.0,3.0,47.0,531.0,1850.0,1056.0,1134.0,7
93.0,3.0,1077.0,3.0,47.0,531.0,1850.0,1056.0,1134.0,7.0,3
3.0,1077.0,3.0,47.0,531.0,1850.0,1056.0,1134.0,7.0,3.0,1316
1077.0,3.0,47.0,531.0,1850.0,1056.0,1134.0,7.0,3.0,1316.0,1246
3.0,47.0,531.0,1850.0,1056.0,1134.0,7.0,3.0,1316.0,1246.0,1149
47.0,531.0,1850.0,1056.0,1134.0,7.0,3.0,1316.0,1246.0,1149.0,1188
531.0,1850.0,1056.0,1134.0,7.0,3.0,1316.0,1246.0,1149.0,1188.0,1023
1850.0,1056.0,1134.0,7.0,3.0,1316.0,1246.0,1149.0,1188.0,1023.0,1324
1056.0,1134.0,7.0,3.0,1316.0,1246.0,1149.0,1188.0,1023.0,1324.0,1210
1134.0,7.0,3.0,1316.0,1246.0,1149.0,1188.0,1023.0,1324.0,1210.0,305
7.0,3.0,1316.0,1246.0,1149.0,1188.0,1023.0,1324.0,1210.0,305.0,1391
3.0,1316.0,1246.0,1149.0,1188.0,1023.0,1324.0,1210.0,305.0,1391.0,1028
1316.0,1246.0,1149.0,1188.0,1023.0,1324.0,1210.0,305.0,1391.0,1028.0,5
1246.0,1149.0,1188.0,1023.0,1324.0,1210.0,305.0,1391.0,1028.0,5.0,1167
1149.0,1188.0,1023.0,1324.0,1210.0,305.0,1391.0,1028.0,5.0,1167.0,1130
1188.0,1023.0,1324.0,1210.0,305.0,1391.0,1028.0,5.0,1167.0,1130.0,1147
1023.0,1324.0,1210.0,305.0,1391.0,1028.0,5.0,1167.0,1130.0,1147.0,4
1324.0,1210.0,305.0,1391.0,1028.0,5.0,1167.0,1130.0,1147.0,4.0,1076
1210.0,305.0,1391.0,1028.0,5.0,1167.0,1130.0,1147.0,4.0,1076.0,279
305.0,1391.0,1028.0,5.0,1167.0,1130.0,1147.0,4.0,1076.0,279.0,947
1391.0,1028.0,5.0,1167.0,1130.0,1147.0,4.0,1076.0,279.0,947.0,3
1028.0,5.0,1167.0,1130.0,1147.0,4.0,1076.0,279.0,947.0,3.0,4
5.0,1167.0,1130.0,1147.0,4.0,1076.0,279.0,947.0,3.0,4.0,1261
1167.0,1130.0,1147.0,4.0,1076.0,279.0,947.0,3.0,4.0,1261.0,1
1130.0,1147.0,4.0,1076.0,279.0,947.0,3.0,4.0,1261.0,1.0,971
1147.0,4.0,1076.0,279.0,947.0,3.0,4.0,1261.0,1.0,971.0,1258
4.0,1076.0,279.0,947.0,3.0,4.0,1261.0,1.0,971.0,1258.0,1304
1076.0,279.0,947.0,3.0,4.0,1261.0,1.0,971.0,1258.0,1304.0,1505
279.0,947.0,3.0,4.0,1261.0,1.0,971.0,1258.0,1304.0,1505.0,1373
947.0,3.0,4.0,1261.0,1.0,971.0,1258.0,1304.0,1505.0,1373.0,5
3.0,4.0,1261.0,1.0,971.0,1258.0,1304.0,1505.0,1373.0,5.0,1396
4.0,1261.0,1.0,971.0,1258.0,1304.0,1505.0,1373.0,5.0,1396.0,1131
1261.0,1.0,971.0,1258.0,1304.0,1505.0,1373.0,5.0,1396.0,1131.0,3
1.0,971.0,1258.0,1304.0,1505.0,1373.0,5.0,1396.0,1131.0,3.0,1223
971.0,1258.0,1304.0,1505.0,1373.0,5.0,1396.0,1131.0,3.0,1223.0,1163
1258.0,1304.0,1505.0,1373.0,5.0,1396.0,1131.0,3.0,1223.0,1163.0,1481
1304.0,1505.0,1373.0,5.0,1396.0,1131.0,3.0,1223.0,1163.0,1481.0,936
1505.0,1373.0,5.0,1396.0,1131.0,3.0,1223.0,1163.0,1481.0,936.0,1143
1373.0,5.0,1396.0,1131.0,3.0,1223.0,1163.0,1481.0,936.0,1143.0,7
5.0,1396.0,1131.0,3.0,1223.0,1163.0,1481.0,936.0,1143.0,7.0,1109
1396.0,1131.0,3.0,1223.0,1163.0,1481.0,936.0,1143.0,7.0,1109.0,1181
1131.0,3.0,1223.0,1163.0,1481.0,936.0,1143.0,7.0,1109.0,1181.0,1114
3.0,1223.0,1163.0,1481.0,936.0,1143.0,7.0,1109.0,1181.0,1114.0,4
1223.0,1163.0,1481.0,936.0,1143.0,7.0,1109.0,1181.0,1114.0,4.0,1569
1163.0,1481.0,936.0,1143.0,7.0,1109.0,1181.0,1114.0,4.0,1569.0,1211
1481.0,936.0,1143.0,7.0,1109.0,1181.0,1114.0,4.0,1569.0,1211.0,7
936.0,1143.0,7.0,1109.0,1181.0,1114.0,4.0,1569.0,1211.0,7.0,11
1143.0,7.0,1109.0,1181.0,1114.0,4.0,1569.0,1211.0,7.0,11.0,4
7.0,1109.0,1181.0,1114.0,4.0,1569.0,1211.0,7.0,11.0,4.0,6
64.0,3100.0,32.0,6.0,970.0,109.0,1283.0,488.0,1034.0,3.0,13
3100.0,32.0,6.0,970.0,109.0,1283.0,488.0,1034.0,3.0,13.0,1747
32.0,6.0,970.0,109.0,1283.0,488.0,1034.0,3.0,13.0,1747.0,1193
6.0,970.0,109.0,1283.0,488.0,1034.0,3.0,13.0,1747.0,1193.0,1733
970.0,109.0,1283.0,488.0,1034.0,3.0,13.0,1747.0,1193.0,1733.0,3
109.0,1283.0,488.0,1034.0,3.0,13.0,1747.0,1193.0,1733.0,3.0,3
1283.0,488.0,1034.0,3.0,13.0,1747.0,1193.0,1733.0,3.0,3.0,1034
488.0,1034.0,3.0,13.0,1747.0,1193.0,1733.0,3.0,3.0,1034.0,551
1034.0,3.0,13.0,1747.0,1193.0,1733.0,3.0,3.0,1034.0,551.0,923
3.0,13.0,1747.0,1193.0,1733.0,3.0,3.0,1034.0,551.0,923.0,557
13.0,1747.0,1193.0,1733.0,3.0,3.0,1034.0,551.0,923.0,557.0,948
1747.0,1193.0,1733.0,3.0,3.0,1034.0,551.0,923.0,557.0,948.0,364
1193.0,1733.0,3.0,3.0,1034.0,551.0,923.0,557.0,948.0,364.0,4
1733.0,3.0,3.0,1034.0,551.0,923.0,557.0,948.0,364.0,4.0,1287
3.0,3.0,1034.0,551.0,923.0,557.0,948.0,364.0,4.0,1287.0,6
3.0,1034.0,551.0,923.0,557.0,948.0,364.0,4.0,1287.0,6.0,1109
1034.0,551.0,923.0,557.0,948.0,364.0,4.0,1287.0,6.0,1109.0,204
551.0,923.0,557.0,948.0,364.0,4.0,1287.0,6.0,1109.0,204.0,1217
923.0,557.0,948.0,364.0,4.0,1287.0,6.0,1109.0,204.0,1217.0,1219
557.0,948.0,364.0,4.0,1287.0,6.0,1109.0,204.0,1217.0,1219.0,340
948.0,364.0,4.0,1287.0,6.0,1109.0,204.0,1217.0,1219.0,340.0,1120
364.0,4.0,1287.0,6.0,1109.0,204.0,1217.0,1219.0,340.0,1120.0,1521
4.0,1287.0,6.0,1109.0,204.0,1217.0,1219.0,340.0,1120.0,1521.0,5
1287.0,6.0,1109.0,204.0,1217.0,1219.0,340.0,1120.0,1521.0,5.0,461
6.0,1109.0,204.0,1217.0,1219.0,340.0,1120.0,1521.0,5.0,461.0,1060
1109.0,204.0,1217.0,1219.0,340.0,1120.0,1521.0,5.0,461.0,1060.0,4
204.0,1217.0,1219.0,340.0,1120.0,1521.0,5.0,461.0,1060.0,4.0,3
1217.0,1219.0,340.0,1120.0,1521.0,5.0,461.0,1060.0,4.0,3.0,1
1219.0,340.0,1120.0,1521.0,5.0,461.0,1060.0,4.0,3.0,1.0,1
340.0,1120.0,1521.0,5.0,461.0,1060.0,4.0,3.0,1.0,1.0,5
1120.0,1521.0,5.0,461.0,1060.0,4.0,3.0,1.0,1.0,5.0,4
1521.0,5.0,461.0,1060.0,4.0,3.0,1.0,1.0,5.0,4.0,1
5.0,461.0,1060.0,4.0,3.0,1.0,1.0,5.0,4.0,1.0,1293
461.0,1060.0,4.0,3.0,1.0,1.0,5.0,4.0,1.0,1293.0,7
1060.0,4.0,3.0,1.0,1.0,5.0,4.0,1.0,1293.0,7.0,24
4.0,3.0,1.0,1.0,5.0,4.0,1.0,1293.0,7.0,24.0,1247
3.0,1.0,1.0,5.0,4.0,1.0,1293.0,7.0,24.0,1247.0,5255
1.0,1.0,5.0,4.0,1.0,1293.0,7.0,24.0,1247.0,5255.0,3873
1.0,5.0,4.0,1.0,1293.0,7.0,24.0,1247.0,5255.0,3873.0,9
5.0,4.0,1.0,1293.0,7.0,24.0,1247.0,5255.0,3873.0,9.0,1108
4.0,1.0,1293.0,7.0,24.0,1247.0,5255.0,3873.0,9.0,1108.0,563
1.0,1293.0,7.0,24.0,1247.0,5255.0,3873.0,9.0,1108.0,563.0,958
1293.0,7.0,24.0,1247.0,5255.0,3873.0,9.0,1108.0,563.0,958.0,4
7.0,24.0,1247.0,5255.0,3873.0,9.0,1108.0,563.0,958.0,4.0,1521
24.0,1247.0,5255.0,3873.0,9.0,1108.0,563.0,958.0,4.0,1521.0,1643
1247.0,5255.0,3873.0,9.0,1108.0,563.0,958.0,4.0,1521.0,1643.0,514
5255.0,3873.0,9.0,1108.0,563.0,958.0,4.0,1521.0,1643.0,514.0,674
3873.0,9.0,1108.0,563.0,958.0,4.0,1521.0,1643.0,514.0,674.0,1326
9.0,1108.0,563.0,958.0,4.0,1521.0,1643.0,514.0,674.0,1326.0,1
1108.0,563.0,958.0,4.0,1521.0,1643.0,514.0,674.0,1326.0,1.0,1198
563.0,958.0,4.0,1521.0,1643.0,514.0,674.0,1326.0,1.0,1198.0,3
958.0,4.0,1521.0,1643.0,514.0,674.0,1326.0,1.0,1198.0,3.0,1301
4.0,1521.0,1643.0,514.0,674.0,1326.0,1.0,1198.0,3.0,1301.0,1285
1521.0,1643.0,514.0,674.0,1326.0,1.0,1198.0,3.0,1301.0,1285.0,456
1643.0,514.0,674.0,1326.0,1.0,1198.0,3.0,1301.0,1285.0,456.0,996
514.0,674.0,1326.0,1.0,1198.0,3.0,1301.0,1285.0,456.0,996.0,559
674.0,1326.0,1.0,1198.0,3.0,1301.0,1285.0,456.0,996.0,559.0,962
1326.0,1.0,1198.0,3.0,1301.0,1285.0,456.0,996.0,559.0,962.0,3
1.0,111.0,127.0,767.0,1210.0,17.0,10.0,240.0,6.0,1238.0,3
111.0,127.0,767.0,1210.0,17.0,10.0,240.0,6.0,1238.0,3.0,19
127.0,767.0,1210.0,17.0,10.0,240.0,6.0,1238.0,3.0,19.0,322
767.0,1210.0,17.0,10.0,240.0,6.0,1238.0,3.0,19.0,322.0,3
1210.0,17.0,10.0,240.0,6.0,1238.0,3.0,19.0,322.0,3.0,6
17.0,10.0,240.0,6.0,1238.0,3.0,19.0,322.0,3.0,6.0,1348
10.0,240.0,6.0,1238.0,3.0,19.0,322.0,3.0,6.0,1348.0,3
240.0,6.0,1238.0,3.0,19.0,322.0,3.0,6.0,1348.0,3.0,343
6.0,1238.0,3.0,19.0,322.0,3.0,6.0,1348.0,3.0,343.0,1251
1238.0,3.0,19.0,322.0,3.0,6.0,1348.0,3.0,343.0,1251.0,1433
3.0,19.0,322.0,3.0,6.0,1348.0,3.0,343.0,1251.0,1433.0,88
19.0,322.0,3.0,6.0,1348.0,3.0,343.0,1251.0,1433.0,88.0,61
322.0,3.0,6.0,1348.0,3.0,343.0,1251.0,1433.0,88.0,61.0,3
3.0,6.0,1348.0,3.0,343.0,1251.0,1433.0,88.0,61.0,3.0,333
6.0,1348.0,3.0,343.0,1251.0,1433.0,88.0,61.0,3.0,333.0,1298
1348.0,3.0,343.0,1251.0,1433.0,88.0,61.0,3.0,333.0,1298.0,1
3.0,343.0,1251.0,1433.0,88.0,61.0,3.0,333.0,1298.0,1.0,5
343.0,1251.0,1433.0,88.0,61.0,3.0,333.0,1298.0,1.0,5.0,3
1251.0,1433.0,88.0,61.0,3.0,333.0,1298.0,1.0,5.0,3.0,4
1433.0,88.0,61.0,3.0,333.0,1298.0,1.0,5.0,3.0,4.0,10
88.0,61.0,3.0,333.0,1298.0,1.0,5.0,3.0,4.0,10.0,27
61.0,3.0,333.0,1298.0,1.0,5.0,3.0,4.0,10.0,27.0,3148
3.0,333.0,1298.0,1.0,5.0,3.0,4.0,10.0,27.0,3148.0,228
333.0,1298.0,1.0,5.0,3.0,4.0,10.0,27.0,3148.0,228.0,4
1298.0,1.0,5.0,3.0,4.0,10.0,27.0,3148.0,228.0,4.0,3
1.0,5.0,3.0,4.0,10.0,27.0,3148.0,228.0,4.0,3.0,453
5.0,3.0,4.0,10.0,27.0,3148.0,228.0,4.0,3.0,453.0,1689
3.0,4.0,10.0,27.0,3148.0,228.0,4.0,3.0,453.0,1689.0,4
4.0,10.0,27.0,3148.0,228.0,4.0,3.0,453.0,1689.0,4.0,3
10.0,27.0,3148.0,228.0,4.0,3.0,453.0,1689.0,4.0,3.0,3
27.0,3148.0,228.0,4.0,3.0,453.0,1689.0,4.0,3.0,3.0,444
3148.0,228.0,4.0,3.0,453.0,1689.0,4.0,3.0,3.0,444.0,829
228.0,4.0,3.0,453.0,1689.0,4.0,3.0,3.0,444.0,829.0,5
4.0,3.0,453.0,1689.0,4.0,3.0,3.0,444.0,829.0,5.0,3
3.0,453.0,1689.0,4.0,3.0,3.0,444.0,829.0,5.0,3.0,3
453.0,1689.0,4.0,3.0,3.0,444.0,829.0,5.0,3.0,3.0,1090
1689.0,4.0,3.0,3.0,444.0,829.0,5.0,3.0,3.0,1090.0,608
251.0,2161.0,48.0,111.0,190.0,3.0,3.0,1218.0,217.0,1346.0,3
2161.0,48.0,111.0,190.0,3.0,3.0,1218.0,217.0,1346.0,3.0,304
48.0,111.0,190.0,3.0,3.0,1218.0,217.0,1346.0,3.0,304.0,1285
111.0,190.0,3.0,3.0,1218.0,217.0,1346.0,3.0,304.0,1285.0,3
190.0,3.0,3.0,1218.0,217.0,1346.0,3.0,304.0,1285.0,3.0,293
3.0,3.0,1218.0,217.0,1346.0,3.0,304.0,1285.0,3.0,293.0,1338
3.0,1218.0,217.0,1346.0,3.0,304.0,1285.0,3.0,293.0,1338.0,3
1218.0,217.0,1346.0,3.0,304.0,1285.0,3.0,293.0,1338.0,3.0,1295
217.0,1346.0,3.0,304.0,1285.0,3.0,293.0,1338.0,3.0,1295.0,300
1346.0,3.0,304.0,1285.0,3.0,293.0,1338.0,3.0,1295.0,300.0,1295
3.0,304.0,1285.0,3.0,293.0,1338.0,3.0,1295.0,300.0,1295.0,1
304.0,1285.0,3.0,293.0,1338.0,3.0,1295.0,300.0,1295.0,1.0,5
1285.0,3.0,293.0,1338.0,3.0,1295.0,300.0,1295.0,1.0,5.0,295
3.0,293.0,1338.0,3.0,1295.0,300.0,1295.0,1.0,5.0,295.0,3
293.0,1338.0,3.0,1295.0,300.0,1295.0,1.0,5.0,295.0,3.0,1453
1338.0,3.0,1295.0,300.0,1295.0,1.0,5.0,295.0,3.0,1453.0,1303
3.0,1295.0,300.0,1295.0,1.0,5.0,295.0,3.0,1453.0,1303.0,297
1295.0,300.0,1295.0,1.0,5.0,295.0,3.0,1453.0,1303.0,297.0,4
300.0,1295.0,1.0,5.0,295.0,3.0,1453.0,1303.0,297.0,4.0,1242
1295.0,1.0,5.0,295.0,3.0,1453.0,1303.0,297.0,4.0,1242.0,304
1.0,5.0,295.0,3.0,1453.0,1303.0,297.0,4.0,1242.0,304.0,3
5.0,295.0,3.0,1453.0,1303.0,297.0,4.0,1242.0,304.0,3.0,1245
295.0,3.0,1453.0,1303.0,297.0,4.0,1242.0,304.0,3.0,1245.0,11
3.0,1453.0,1303.0,297.0,4.0,1242.0,304.0,3.0,1245.0,11.0,304
1453.0,1303.0,297.0,4.0,1242.0,304.0,3.0,1245.0,11.0,304.0,1383
1303.0,297.0,4.0,1242.0,304.0,3.0,1245.0,11.0,304.0,1383.0,3
297.0,4.0,1242.0,304.0,3.0,1245.0,11.0,304.0,1383.0,3.0,4
4.0,1242.0,304.0,3.0,1245.0,11.0,304.0,1383.0,3.0,4.0,5
1242.0,304.0,3.0,1245.0,11.0,304.0,1383.0,3.0,4.0,5.0,4
304.0,3.0,1245.0,11.0,304.0,1383.0,3.0,4.0,5.0,4.0,4
3.0,1245.0,11.0,304.0,1383.0,3.0,4.0,5.0,4.0,4.0,4
1245.0,11.0,304.0,1383.0,3.0,4.0,5.0,4.0,4.0,4.0,3
